Medium,Convenience,Quality,Price
Television,491,677,575
Television,712,627,614
Television,558,590,706
Television,447,632,484
Television,479,683,478
Television,624,760,650
Television,546,690,583
Television,444,548,536
Television,582,579,579
Television,672,644,795
Newspaper,464,689,803
Newspaper,559,650,584
Newspaper,759,704,525
Newspaper,557,652,498
Newspaper,528,576,812
Newspaper,670,836,565
Newspaper,534,628,708
Newspaper,657,798,546
Newspaper,557,497,616
Newspaper,474,841,587
